<?xml version="1.0"?>
<doc>
    <assembly>
        <name>Microsoft.Extensions.DependencyInjection</name>
    </assembly>
    <members>
        <member name="T:Microsoft.Extensions.DependencyInjection.DiSR">
            <summary>
              一个强类型的资源类，用于查找本地化的字符串等。
            </summary>
        </member>
        <member name="P:Microsoft.Extensions.DependencyInjection.DiSR.ResourceManager">
            <summary>
              返回此类使用的缓存的 ResourceManager 实例。
            </summary>
        </member>
        <member name="P:Microsoft.Extensions.DependencyInjection.DiSR.Culture">
            <summary>
              使用此强类型资源类，为所有资源查找
              重写当前线程的 CurrentUICulture 属性。
            </summary>
        </member>
        <member name="P:Microsoft.Extensions.DependencyInjection.DiSR.AmbiguousConstructorException">
            <summary>
              查找类似 Unable to activate type &apos;{0}&apos;. The following constructors are ambiguous: 的本地化字符串。
            </summary>
        </member>
        <member name="P:Microsoft.Extensions.DependencyInjection.DiSR.CannotResolveService">
            <summary>
              查找类似 Unable to resolve service for type &apos;{0}&apos; while attempting to activate &apos;{1}&apos;. 的本地化字符串。
            </summary>
        </member>
        <member name="P:Microsoft.Extensions.DependencyInjection.DiSR.CircularDependencyException">
            <summary>
              查找类似 A circular dependency was detected for the service of type &apos;{0}&apos;. 的本地化字符串。
            </summary>
        </member>
        <member name="P:Microsoft.Extensions.DependencyInjection.DiSR.DirectScopedResolvedFromRootException">
            <summary>
              查找类似 Cannot resolve {1} service &apos;{0}&apos; from root provider. 的本地化字符串。
            </summary>
        </member>
        <member name="P:Microsoft.Extensions.DependencyInjection.DiSR.NoConstructorMatch">
            <summary>
              查找类似 A suitable constructor for type &apos;{0}&apos; could not be located. Ensure the type is concrete and services are registered for all parameters of a public constructor. 的本地化字符串。
            </summary>
        </member>
        <member name="P:Microsoft.Extensions.DependencyInjection.DiSR.OpenGenericServiceRequiresOpenGenericImplementation">
            <summary>
              查找类似 Open generic service type &apos;{0}&apos; requires registering an open generic implementation type. 的本地化字符串。
            </summary>
        </member>
        <member name="P:Microsoft.Extensions.DependencyInjection.DiSR.ScopedInSingletonException">
            <summary>
              查找类似 Cannot consume {2} service &apos;{0}&apos; from {3} &apos;{1}&apos;. 的本地化字符串。
            </summary>
        </member>
        <member name="P:Microsoft.Extensions.DependencyInjection.DiSR.ScopedResolvedFromRootException">
            <summary>
              查找类似 Cannot resolve &apos;{0}&apos; from root provider because it requires {2} service &apos;{1}&apos;. 的本地化字符串。
            </summary>
        </member>
        <member name="P:Microsoft.Extensions.DependencyInjection.DiSR.TypeCannotBeActivated">
            <summary>
              查找类似 Cannot instantiate implementation type &apos;{0}&apos; for service type &apos;{1}&apos;. 的本地化字符串。
            </summary>
        </member>
        <member name="P:Microsoft.Extensions.DependencyInjection.DiSR.UnableToActivateTypeException">
            <summary>
              查找类似 No constructor for type &apos;{0}&apos; can be instantiated using services from the service container and default values. 的本地化字符串。
            </summary>
        </member>
        <member name="P:Microsoft.Extensions.DependencyInjection.Resources.AmbiguousConstructorException">
            <summary>
            Unable to activate type '{0}'. The following constructors are ambiguous:
            </summary>
        </member>
        <member name="M:Microsoft.Extensions.DependencyInjection.Resources.FormatAmbiguousConstructorException(System.Object)">
            <summary>
            Unable to activate type '{0}'. The following constructors are ambiguous:
            </summary>
        </member>
        <member name="P:Microsoft.Extensions.DependencyInjection.Resources.CannotResolveService">
            <summary>
            Unable to resolve service for type '{0}' while attempting to activate '{1}'.
            </summary>
        </member>
        <member name="M:Microsoft.Extensions.DependencyInjection.Resources.FormatCannotResolveService(System.Object,System.Object)">
            <summary>
            Unable to resolve service for type '{0}' while attempting to activate '{1}'.
            </summary>
        </member>
        <member name="P:Microsoft.Extensions.DependencyInjection.Resources.CircularDependencyException">
            <summary>
            A circular dependency was detected for the service of type '{0}'.
            </summary>
        </member>
        <member name="M:Microsoft.Extensions.DependencyInjection.Resources.FormatCircularDependencyException(System.Object)">
            <summary>
            A circular dependency was detected for the service of type '{0}'.
            </summary>
        </member>
        <member name="P:Microsoft.Extensions.DependencyInjection.Resources.UnableToActivateTypeException">
            <summary>
            No constructor for type '{0}' can be instantiated using services from the service container and default values.
            </summary>
        </member>
        <member name="M:Microsoft.Extensions.DependencyInjection.Resources.FormatUnableToActivateTypeException(System.Object)">
            <summary>
            No constructor for type '{0}' can be instantiated using services from the service container and default values.
            </summary>
        </member>
        <member name="P:Microsoft.Extensions.DependencyInjection.Resources.OpenGenericServiceRequiresOpenGenericImplementation">
            <summary>
            Open generic service type '{0}' requires registering an open generic implementation type.
            </summary>
        </member>
        <member name="M:Microsoft.Extensions.DependencyInjection.Resources.FormatOpenGenericServiceRequiresOpenGenericImplementation(System.Object)">
            <summary>
            Open generic service type '{0}' requires registering an open generic implementation type.
            </summary>
        </member>
        <member name="P:Microsoft.Extensions.DependencyInjection.Resources.TypeCannotBeActivated">
            <summary>
            Cannot instantiate implementation type '{0}' for service type '{1}'.
            </summary>
        </member>
        <member name="M:Microsoft.Extensions.DependencyInjection.Resources.FormatTypeCannotBeActivated(System.Object,System.Object)">
            <summary>
            Cannot instantiate implementation type '{0}' for service type '{1}'.
            </summary>
        </member>
        <member name="P:Microsoft.Extensions.DependencyInjection.Resources.NoConstructorMatch">
            <summary>
            A suitable constructor for type '{0}' could not be located. Ensure the type is concrete and services are registered for all parameters of a public constructor.
            </summary>
        </member>
        <member name="M:Microsoft.Extensions.DependencyInjection.Resources.FormatNoConstructorMatch(System.Object)">
            <summary>
            A suitable constructor for type '{0}' could not be located. Ensure the type is concrete and services are registered for all parameters of a public constructor.
            </summary>
        </member>
        <member name="P:Microsoft.Extensions.DependencyInjection.Resources.ScopedInSingletonException">
            <summary>
            Cannot consume {2} service '{0}' from {3} '{1}'.
            </summary>
        </member>
        <member name="M:Microsoft.Extensions.DependencyInjection.Resources.FormatScopedInSingletonException(System.Object,System.Object,System.Object,System.Object)">
            <summary>
            Cannot consume {2} service '{0}' from {3} '{1}'.
            </summary>
        </member>
        <member name="P:Microsoft.Extensions.DependencyInjection.Resources.ScopedResolvedFromRootException">
            <summary>
            Cannot resolve '{0}' from root provider because it requires {2} service '{1}'.
            </summary>
        </member>
        <member name="M:Microsoft.Extensions.DependencyInjection.Resources.FormatScopedResolvedFromRootException(System.Object,System.Object,System.Object)">
            <summary>
            Cannot resolve '{0}' from root provider because it requires {2} service '{1}'.
            </summary>
        </member>
        <member name="P:Microsoft.Extensions.DependencyInjection.Resources.DirectScopedResolvedFromRootException">
            <summary>
            Cannot resolve {1} service '{0}' from root provider.
            </summary>
        </member>
        <member name="M:Microsoft.Extensions.DependencyInjection.Resources.FormatDirectScopedResolvedFromRootException(System.Object,System.Object)">
            <summary>
            Cannot resolve {1} service '{0}' from root provider.
            </summary>
        </member>
        <member name="T:Microsoft.Extensions.DependencyInjection.ServiceCollection">
            <summary>
            Default implementation of <see cref="T:Microsoft.Extensions.DependencyInjection.IServiceCollection"/>.
            </summary>
        </member>
        <member name="P:Microsoft.Extensions.DependencyInjection.ServiceCollection.Count">
            <inheritdoc />
        </member>
        <member name="P:Microsoft.Extensions.DependencyInjection.ServiceCollection.IsReadOnly">
            <inheritdoc />
        </member>
        <member name="P:Microsoft.Extensions.DependencyInjection.ServiceCollection.Item(System.Int32)">
            <inheritdoc />
        </member>
        <member name="M:Microsoft.Extensions.DependencyInjection.ServiceCollection.Clear">
            <inheritdoc />
        </member>
        <member name="M:Microsoft.Extensions.DependencyInjection.ServiceCollection.Contains(Microsoft.Extensions.DependencyInjection.ServiceDescriptor)">
            <inheritdoc />
        </member>
        <member name="M:Microsoft.Extensions.DependencyInjection.ServiceCollection.CopyTo(Microsoft.Extensions.DependencyInjection.ServiceDescriptor[],System.Int32)">
            <inheritdoc />
        </member>
        <member name="M:Microsoft.Extensions.DependencyInjection.ServiceCollection.Remove(Microsoft.Extensions.DependencyInjection.ServiceDescriptor)">
            <inheritdoc />
        </member>
        <member name="M:Microsoft.Extensions.DependencyInjection.ServiceCollection.GetEnumerator">
            <inheritdoc />
        </member>
        <member name="M:Microsoft.Extensions.DependencyInjection.ServiceCollection.IndexOf(Microsoft.Extensions.DependencyInjection.ServiceDescriptor)">
            <inheritdoc />
        </member>
        <member name="M:Microsoft.Extensions.DependencyInjection.ServiceCollection.Insert(System.Int32,Microsoft.Extensions.DependencyInjection.ServiceDescriptor)">
            <inheritdoc />
        </member>
        <member name="M:Microsoft.Extensions.DependencyInjection.ServiceCollection.RemoveAt(System.Int32)">
            <inheritdoc />
        </member>
        <member name="T:Microsoft.Extensions.DependencyInjection.ServiceCollectionContainerBuilderExtensions">
            <summary>
            Extension methods for building a <see cref="T:Microsoft.Extensions.DependencyInjection.ServiceProvider"/> from an <see cref="T:Microsoft.Extensions.DependencyInjection.IServiceCollection"/>.
            </summary>
        </member>
        <member name="M:Microsoft.Extensions.DependencyInjection.ServiceCollectionContainerBuilderExtensions.BuildServiceProvider(Microsoft.Extensions.DependencyInjection.IServiceCollection)">
            <summary>
            Creates a <see cref="T:Microsoft.Extensions.DependencyInjection.ServiceProvider"/> containing services from the provided <see cref="T:Microsoft.Extensions.DependencyInjection.IServiceCollection"/>.
            </summary>
            <param name="services">The <see cref="T:Microsoft.Extensions.DependencyInjection.IServiceCollection"/> containing service descriptors.</param>
            <returns>The <see cref="T:Microsoft.Extensions.DependencyInjection.ServiceProvider"/>.</returns>
        </member>
        <member name="M:Microsoft.Extensions.DependencyInjection.ServiceCollectionContainerBuilderExtensions.BuildServiceProvider(Microsoft.Extensions.DependencyInjection.IServiceCollection,System.Boolean)">
            <summary>
            Creates a <see cref="T:Microsoft.Extensions.DependencyInjection.ServiceProvider"/> containing services from the provided <see cref="T:Microsoft.Extensions.DependencyInjection.IServiceCollection"/>
            optionaly enabling scope validation.
            </summary>
            <param name="services">The <see cref="T:Microsoft.Extensions.DependencyInjection.IServiceCollection"/> containing service descriptors.</param>
            <param name="validateScopes">
            <c>true</c> to perform check verifying that scoped services never gets resolved from root provider; otherwise <c>false</c>.
            </param>
            <returns>The <see cref="T:Microsoft.Extensions.DependencyInjection.ServiceProvider"/>.</returns>
        </member>
        <member name="M:Microsoft.Extensions.DependencyInjection.ServiceCollectionContainerBuilderExtensions.BuildServiceProvider(Microsoft.Extensions.DependencyInjection.IServiceCollection,Microsoft.Extensions.DependencyInjection.ServiceProviderOptions)">
            <summary>
            Creates a <see cref="T:Microsoft.Extensions.DependencyInjection.ServiceProvider"/> containing services from the provided <see cref="T:Microsoft.Extensions.DependencyInjection.IServiceCollection"/>
            optionaly enabling scope validation.
            </summary>
            <param name="services">The <see cref="T:Microsoft.Extensions.DependencyInjection.IServiceCollection"/> containing service descriptors.</param>
            <param name="options">
            Configures various service provider behaviors.
            </param>
            <returns>The <see cref="T:Microsoft.Extensions.DependencyInjection.ServiceProvider"/>.</returns>
        </member>
        <member name="T:Microsoft.Extensions.DependencyInjection.ServiceLookup.IServiceCallSite">
            <summary>
            Summary description for IServiceCallSite
            </summary>
        </member>
        <member name="T:Microsoft.Extensions.DependencyInjection.ServiceProvider">
            <summary>
            The default IServiceProvider.
            </summary>
        </member>
        <member name="M:Microsoft.Extensions.DependencyInjection.ServiceProvider.GetService(System.Type)">
            <summary>
            Gets the service object of the specified type.
            </summary>
            <param name="serviceType"></param>
            <returns></returns>
        </member>
        <member name="M:Microsoft.Extensions.DependencyInjection.ServiceProvider.Dispose">
            <inheritdoc />
        </member>
        <member name="T:Microsoft.Extensions.DependencyInjection.ServiceProviderOptions">
            <summary>
            Options for configuring various behaviors of the default <see cref="T:System.IServiceProvider"/> implementation.
            </summary>
        </member>
        <member name="P:Microsoft.Extensions.DependencyInjection.ServiceProviderOptions.ValidateScopes">
            <summary>
            <c>true</c> to perform check verifying that scoped services never gets resolved from root provider; otherwise <c>false</c>.
            </summary>
        </member>
        <member name="M:Microsoft.Extensions.Internal.ReflectionUtils.GetValue(System.Reflection.PropertyInfo,System.Object)">
            <summary>返回指定对象的属性值</summary>
            <param name="property"></param>
            <param name="obj"></param>
            <returns></returns>
        </member>
        <member name="M:Microsoft.Extensions.Internal.ReflectionUtils.SetValue(System.Reflection.PropertyInfo,System.Object,System.Object)">
            <summary>设置指定对象的属性值</summary>
            <param name="property"></param>
            <param name="obj"></param>
            <param name="value"></param>
        </member>
        <member name="M:Microsoft.Extensions.Internal.TypeNameHelper.GetTypeDisplayName(System.Type,System.Boolean,System.Boolean)">
            <summary>
            Pretty print a type name.
            </summary>
            <param name="type">The <see cref="T:System.Type"/>.</param>
            <param name="fullName"><c>true</c> to print a fully qualified name.</param>
            <param name="includeGenericParameterNames"><c>true</c> to include generic parameter names.</param>
            <returns>The pretty printed type name.</returns>
        </member>
        <member name="F:System.Runtime.ExceptionServices.ExceptionEnlightenment.CaptureAndThrow">
            <summary>A delegate that will call <c>ExceptionDispatchInfo.Capture</c> followed by <c>ExceptionDispatchInfo.Throw</c>, 
            or <c>null</c> if the <c>ExceptionDispatchInfo</c> type does not exist.</summary>
        </member>
        <member name="F:System.Runtime.ExceptionServices.ExceptionEnlightenment.PrepForRemoting">
            <summary>A delegate that will call <c>Exception.PrepForRemoting</c>, or <c>null</c> if the method does not exist. 
            This member is always <c>null</c> if <see cref="F:System.Runtime.ExceptionServices.ExceptionEnlightenment.CaptureAndThrow"/> is non-<c>null</c>.</summary>
        </member>
        <member name="M:System.Runtime.ExceptionServices.ExceptionEnlightenment.TryAddStackTrace(System.Exception)">
            <summary>Attempts to add the original stack trace to the <see cref="P:System.Exception.Data"/> collection.</summary>
            <param name="exception">The exception. May not be <c>null</c>.</param>
        </member>
    </members>
</doc>
